"prolific_id","convincing","enjoyable","accurate","less_heard","quality","preference","age","education","gender","gender_7_TEXT","Q88","race","race_6_TEXT","politicalaffiliation","comments","PROLIFIC_PID","att1","att2","att3","con1","con2","con3","attitude_score","attitude","Condition","Order","video_toshare","video_match","Knowledgeable_real","Humorous_real","Trustworthy_real","LackingJudgment_real","Trendy_real","Knowledgeable_fake","Humorous_fake","Trustworthy_fake","LackingJudgment_fake","Trendy_fake","influence_real","mislead_real","confusion_real","responsible_real","influence_fake","mislead_fake","confusion_fake","responsible_fake"
"5f774293fb2b4b236756ed0e",3,5,4,4,3,4,"35","Master's degree","Male",NA,"No","White",NA,"Conservative",NA,"5f774293fb2b4b236756ed0e","67","35","75","43","85","38","11","Pro","label","realFirst","Pro",1,3,4,5,4,5,4,5,2,2,3,4,5,3,4,4,3,4,5
"56d857ad4a9be1000a53af36",4,4,4,3,4,1,"41","Associate degree in college (2-year)","Female",NA,"No","White",NA,"Moderate, Middle of Road",NA,"56d857ad4a9be1000a53af36","13","-35","-22","14","19","21","-98","Anti","none","fakeFirst","Pro",-1,3,3,3,2,3,4,3,3,2,3,2,2,2,2,3,2,3,3
"5c1655c7ad682500017070d2",1,1,3,1,3,1,"36","High school graduate (high school diploma or equivalent including GED)","Male",NA,"Yes","White",NA,"Conservative",NA,"5c1655c7ad682500017070d2","-41","-16","-63","35","77","27","-259","Anti","label","realFirst","Pro",-1,2,1,2,1,1,2,1,1,2,1,2,1,1,2,2,1,1,1
"67e1494c408fe70d99affad4",3,5,4,5,4,3,"29","Bachelor's degree in college (4-year)","Male",NA,"No","Black or African American",NA,"Conservative",NA,"67e1494c408fe70d99affad4","51","-32","67","56","48","9","-27","Anti","label","realFirst","Pro",-1,4,5,3,3,4,4,3,4,5,5,4,3,2,5,4,3,5,3
"5a95a63e4eecca0001dd4cfa",5,5,5,1,5,1,"28","High school graduate (high school diploma or equivalent including GED)","Male",NA,"No","Black or African American",NA,"Moderate, Middle of Road",NA,"5a95a63e4eecca0001dd4cfa","64","59","51","58","38","62","16","Pro","none","fakeFirst","Pro",1,4,4,4,1,4,4,4,4,1,3,5,1,1,5,4,1,1,4
"67f10d6cbd14889fc61a0299",4,4,4,4,3,4,"43","Bachelor's degree in college (4-year)","Female",NA,"No","White",NA,"Slightly Liberal",NA,"67f10d6cbd14889fc61a0299","100","38","100","48","-35","100","125","Pro","none","fakeFirst","Pro",1,4,3,4,3,3,4,4,4,3,3,4,2,1,4,4,1,1,4
"67d3655c75384fd3ef38390b",5,4,5,5,4,4,"66","Bachelor's degree in college (4-year)","Female",NA,"No","White",NA,"Moderate, Middle of Road",NA,"67d3655c75384fd3ef38390b","70","70","70","78","76","73","-17","Anti","label","realFirst","Pro",-1,4,5,5,4,4,2,1,1,1,2,4,1,1,4,3,4,4,2
"67e43d8f409802c381ab259f",4,4,4,4,4,2,"20","Bachelor's degree in college (4-year)","Female",NA,"No","White",NA,"Extremely Conservative","none","67e43d8f409802c381ab259f","60","50","47","51","39","54","13","Pro","none","realFirst","Pro",1,4,4,4,1,4,4,4,4,2,4,3,3,3,3,4,2,2,4
"61496cada4d62f06804fa610",3,2,4,4,2,1,"23","Bachelor's degree in college (4-year)","Female",NA,"Yes","Other:","Mestizo","Liberal",NA,"61496cada4d62f06804fa610","73","65","81","-50","-59","-18","346","Pro","none","realFirst","Pro",1,3,1,3,2,1,3,1,4,1,1,3,2,2,3,3,1,2,4
"665629a30c7e3f40e8f3d1d5",2,3,3,1,3,1,"32","Associate degree in college (2-year)","Female",NA,"No","White",NA,"Extremely Liberal","Videos were not viewable, they both said video is private","665629a30c7e3f40e8f3d1d5","-50","1","70","16","2","-24","27","Pro","label","fakeFirst","Anti",-1,2,1,2,1,2,1,2,1,4,1,3,3,3,2,3,4,4,1
"67f0df91831588fb2cba97fe",4,4,4,4,5,5,"31","Master's degree","Female",NA,"No","White",NA,"Extremely Conservative",NA,"67f0df91831588fb2cba97fe","40","55","100","40","-50","-30","235","Pro","none","realFirst","Anti",-1,5,5,4,4,5,5,4,5,5,5,4,5,4,4,5,5,4,5
"60fa23798a416fb0d9e4ec76",4,4,3,4,5,2,"40","Some college but no degree","Female",NA,"No","White",NA,"Moderate, Middle of Road",NA,"60fa23798a416fb0d9e4ec76","57","-72","-52","30","55","-63","-89","Anti","none","fakeFirst","Anti",1,2,3,2,2,3,4,5,4,4,5,4,5,5,2,4,4,5,2
"67e4b77a4c542bce5a48b13d",4,5,5,5,4,5,"25","Bachelor's degree in college (4-year)","Male",NA,"No","Black or African American",NA,"Conservative",NA,"67e4b77a4c542bce5a48b13d","72","59","40","-43","51","-61","224","Pro","none","realFirst","Pro",1,2,4,3,5,3,5,2,4,1,4,4,1,1,4,5,1,1,5
"67dbf885cd6b2280f5ae4244",5,1,5,5,1,1,"26","Master's degree","Female",NA,"No","Black or African American",NA,"Liberal","Both videos did not load. they states, ""Video Unavailable. This video is Private""","67dbf885cd6b2280f5ae4244","100","80","100","-77","-100","-100","557","Pro","label","realFirst","Pro",1,4,3,4,2,4,3,3,3,2,4,2,4,5,2,2,4,5,1
"6331b9456956d880a1e4632f",3,4,3,2,3,4,"39","Bachelor's degree in college (4-year)","Male",NA,"No","White",NA,"Extremely Conservative","I had some trouble loading the videos initially, but they worked in the end after trying them in a new browser.","6331b9456956d880a1e4632f","10","16","8","-6","4","-3","39","Pro","label","realFirst","Anti",-1,3,2,3,2,4,2,3,2,2,1,4,2,2,3,2,3,3,2
"67f0744c2d25ca2d39c9d53b",4,3,2,1,4,1,"52","Master's degree","Male",NA,"No","Black or African American",NA,"Liberal","The videos had a problem at first saying they are unavailable or private.","67f0744c2d25ca2d39c9d53b","100","100","100","-50","0","-100","450","Pro","label","realFirst","Pro",1,4,2,5,2,3,4,2,3,2,3,4,4,4,3,4,4,5,1
"67d5eb76e92d5d35968ef211",3,3,4,3,4,1,"45","Bachelor's degree in college (4-year)","Male",NA,"No","White",NA,"Slightly Liberal","Interesting study","67d5eb76e92d5d35968ef211","-40","70","75","-30","-39","-10","184","Pro","none","fakeFirst","Pro",1,3,2,2,3,2,4,3,4,2,2,3,2,3,2,4,1,3,3
"67da8424e1b87b3f612d4c09",4,4,4,4,4,1,"69","Doctoral degree","Female",NA,"No","White",NA,"Moderate, Middle of Road",NA,"67da8424e1b87b3f612d4c09","50","-10","-39","71","80","26","-176","Anti","none","fakeFirst","Anti",1,3,2,3,4,3,5,3,4,1,4,4,3,3,2,4,1,2,4
"67effb697912583948da913f",4,4,4,4,4,1,"45","Master's degree","Female",NA,"No","Black or African American",NA,"Extremely Liberal",NA,"67effb697912583948da913f","100","100","100","-70","-70","-70","510","Pro","label","realFirst","Anti",-1,4,4,4,1,4,1,1,1,5,1,4,1,1,4,2,4,4,2
"67d9f5683d7f57c8732b6e63",4,4,3,3,4,1,"31","Bachelor's degree in college (4-year)","Male",NA,"No","White",NA,"Extremely Conservative","none","67d9f5683d7f57c8732b6e63","29","23","49","24","45","13","19","Pro","none","fakeFirst","Pro",1,1,2,3,3,2,4,5,4,3,3,4,5,4,3,4,1,1,4
"67994253864949255e99a8a1",3,3,4,4,2,2,"31","Bachelor's degree in college (4-year)","Female",NA,"No","Black or African American",NA,"Liberal",NA,"67994253864949255e99a8a1","50","60","34","60","49","42","-7","Anti","none","realFirst","Anti",1,5,3,4,1,3,5,4,4,1,3,4,1,1,4,4,1,1,4
"67e9ab95ceefdd3309bd2f7a",4,4,4,4,4,4,"42","Bachelor's degree in college (4-year)","Male",NA,"No","White",NA,"Slightly Liberal",NA,"67e9ab95ceefdd3309bd2f7a","90","87","45","-55","-56","-60","393","Pro","none","realFirst","Pro",1,4,3,4,1,3,3,2,3,2,3,4,1,1,4,3,2,1,3
"67dc8f06e924a5e7d1fd9228",4,2,3,2,2,1,"55","Doctoral degree","Male",NA,"No","White",NA,"Conservative",NA,"67dc8f06e924a5e7d1fd9228","75","60","28","18","31","12","102","Pro","label","realFirst","Pro",1,3,4,3,4,4,4,3,4,2,2,3,2,3,2,4,2,2,3
"67de6faa093e9bae342f28a7",3,2,4,5,3,4,"51","Master's degree","Male",NA,"No","White",NA,"Conservative",NA,"67de6faa093e9bae342f28a7","43","68","80","50","31","-23","133","Pro","none","realFirst","Pro",1,3,4,4,2,5,4,3,5,1,3,4,3,5,3,4,3,4,4
"67e854d8715b3293c79ab276",4,4,4,4,5,1,"55","Bachelor's degree in college (4-year)","Female",NA,"No","White",NA,"Extremely Liberal",NA,"67e854d8715b3293c79ab276","100","99","100","100","100","100","-1","Anti","none","realFirst","Pro",-1,4,4,4,4,4,3,3,3,3,3,5,3,5,3,5,3,5,3
"6785814920d441d51253393c",4,4,5,4,5,1,"33","Bachelor's degree in college (4-year)","Male",NA,"No","White",NA,"Conservative",NA,"6785814920d441d51253393c","69","73","70","-24","16","18","202","Pro","none","realFirst","Pro",1,1,1,2,1,1,1,2,1,3,2,4,1,1,5,5,1,1,5
"67a7e69b82119112d04041fd",4,4,4,4,5,4,"49","Bachelor's degree in college (4-year)","Female",NA,"No","White",NA,"Slightly Conservative","it is a good study.","67a7e69b82119112d04041fd","100","73","53","-53","-24","-63","366","Pro","none","realFirst","Pro",1,2,3,2,3,2,4,3,4,2,3,4,4,4,2,5,1,1,4
"67b816f474ae7757b2ae4f4f",3,3,3,4,3,1,"40","Doctoral degree","Female",NA,"No","White",NA,"Slightly Liberal",NA,"67b816f474ae7757b2ae4f4f","0","0","-80","0","20","0","-100","Anti","none","fakeFirst","Pro",-1,3,3,3,3,3,3,3,3,3,3,3,2,2,4,3,2,2,4
"67dfec3672bac44c0595d6e6",5,4,4,2,4,1,"56","Bachelor's degree in college (4-year)","Female",NA,"No","White",NA,"Conservative",NA,"67dfec3672bac44c0595d6e6","54","61","63","53","-34","70","89","Pro","none","fakeFirst","Anti",-1,4,4,4,4,5,3,3,3,4,4,4,1,2,4,3,2,3,3
"677fbf2241c218ac3f28b1cb",1,1,3,1,1,1,"46","Doctoral degree","Male",NA,"No","Asian",NA,"Moderate, Middle of Road",NA,"677fbf2241c218ac3f28b1cb","23","25","28","-25","-25","-30","156","Pro","label","fakeFirst","Anti",-1,3,1,3,1,2,2,1,2,2,2,3,1,2,3,3,3,3,1
"6664e8eb5e7fda71dc535c83",4,1,3,1,1,1,"42","Professional degree (JD, MD)","Male",NA,"No","White",NA,"Slightly Liberal",NA,"6664e8eb5e7fda71dc535c83","75","80","60","35","-45","25","200","Pro","label","fakeFirst","Pro",1,3,1,3,2,1,2,1,2,2,1,3,1,1,3,4,2,2,4
"66e5fd5c6bb126e1e93a9d77",5,4,5,5,2,1,"75","Some college but no degree","Female",NA,"No","White",NA,"Extremely Liberal",NA,"66e5fd5c6bb126e1e93a9d77","65","59","68","-55","32","-39","254","Pro","none","realFirst","Pro",1,4,1,3,1,1,4,1,3,1,2,4,5,3,2,4,1,1,5
"67da6cb5faae2bb29a934c76",4,5,5,4,4,1,"62","Master's degree","Female",NA,"No","White",NA,"Slightly Conservative",NA,"67da6cb5faae2bb29a934c76","100","-14","26","30","28","31","23","Pro","none","realFirst","Anti",-1,5,3,4,1,3,5,4,5,1,3,5,1,1,5,5,1,1,5
"6674214997c056fddf117f32",3,4,4,3,4,1,"34","Master's degree","Female",NA,"No","Black or African American",NA,"Moderate, Middle of Road",NA,"6674214997c056fddf117f32","75","-1","-45","70","94","-10","-125","Anti","label","fakeFirst","Pro",-1,5,2,5,1,2,1,1,1,1,1,4,1,1,4,4,1,1,5
"67ec4012aebdd3f169bd0b26",5,3,1,2,2,1,"21","Professional degree (JD, MD)","Male",NA,"No","Black or African American",NA,"Moderate, Middle of Road",NA,"67ec4012aebdd3f169bd0b26","100","100","100","-100","-100","-100","600","Pro","label","fakeFirst","Pro",1,4,1,3,1,5,5,1,5,1,5,4,5,5,1,5,1,1,5
"680d85e020df383491477a41",3,3,4,4,1,1,"56","Master's degree","Female",NA,"No","White",NA,"Moderate, Middle of Road",NA,"680d85e020df383491477a41","51","0","-30","0","50","30","-59","Anti","none","realFirst","Anti",1,3,1,3,3,1,4,1,4,1,1,3,3,2,2,4,1,1,4
"67ad2e173f232eb8970914ab",4,2,4,2,1,1,"34","Master's degree","Female",NA,"No","White",NA,"Conservative",NA,"67ad2e173f232eb8970914ab","52","51","6","-18","53","37","37","Pro","none","fakeFirst","Anti",-1,5,4,4,2,4,4,3,3,2,3,4,2,2,3,4,1,1,3
"5e7a2ccd69a7770604dfb352",1,3,1,2,5,1,"52","Bachelor's degree in college (4-year)","Female",NA,"No","White",NA,"Extremely Liberal",NA,"5e7a2ccd69a7770604dfb352","100","100","100","-89","-100","-100","589","Pro","label","fakeFirst","Anti",-1,3,1,3,2,4,2,2,1,5,1,3,2,2,5,2,3,4,1
"67ca11d4a3397b2014be56b4",4,3,3,2,4,1,"50","Master's degree","Female",NA,"No","Other:","biracial","Liberal",NA,"67ca11d4a3397b2014be56b4","100","100","100","100","0","0","200","Pro","label","realFirst","Anti",-1,3,1,3,3,1,5,3,4,1,3,5,1,4,5,5,1,5,5
"67d9aa39d7768ed1366f3591",2,4,1,1,4,1,"56","Master's degree","Female",NA,"No","White",NA,"Slightly Conservative",NA,"67d9aa39d7768ed1366f3591","90","96","97","67","-97","-61","374","Pro","label","realFirst","Anti",-1,4,1,3,3,2,3,2,2,2,3,4,4,4,5,3,3,3,4
"6786c02b927bff134b80264c",4,1,4,5,1,1,"30","Master's degree","Female",NA,"No","White",NA,"Slightly Conservative",NA,"6786c02b927bff134b80264c","2","4","-16","53","33","25","-121","Anti","none","fakeFirst","Pro",-1,4,1,3,3,3,4,1,3,2,3,5,3,2,4,4,2,1,3
"675a5ad39c319c39e7753011",4,2,4,2,2,1,"37","High school graduate (high school diploma or equivalent including GED)","Male",NA,"No","White",NA,"Slightly Conservative",NA,"675a5ad39c319c39e7753011","-37","-34","-100","49","100","100","-420","Anti","label","fakeFirst","Anti",1,3,1,2,1,2,4,1,3,1,2,4,3,3,2,3,1,1,4
"67d6f317b4090cb0a328d95c",5,3,3,4,4,4,"35","Master's degree","Female",NA,"No","White",NA,"Extremely Conservative",NA,"67d6f317b4090cb0a328d95c","76","75","49","63","73","82","-18","Anti","label","fakeFirst","Pro",-1,5,4,3,4,5,2,3,4,5,5,4,3,4,3,4,2,1,4
"67f302367b115d1edb94f0b0",5,5,4,5,4,5,"38","Doctoral degree","Female",NA,"No","White",NA,"Extremely Conservative","Grea survey
","67f302367b115d1edb94f0b0","74","100","86","48","98","14","100","Pro","label","realFirst","Anti",-1,5,2,5,3,4,5,3,4,4,3,4,3,5,5,5,2,3,5
"67aa9f0cc3a6236adedac0b5",5,1,4,1,1,1,"31","Master's degree","Female",NA,"No","White",NA,"Conservative",NA,"67aa9f0cc3a6236adedac0b5","100","80","-1","2","60","2","115","Pro","label","realFirst","Anti",-1,5,1,5,1,1,5,1,5,1,1,4,1,1,3,5,1,1,3
"67eb548edf5b7e5b3ba1d350",5,5,5,4,4,1,"36","Master's degree","Female",NA,"No","White",NA,"Conservative","None","67eb548edf5b7e5b3ba1d350","52","21","24","63","100","72","-138","Anti","label","fakeFirst","Pro",-1,5,5,5,2,5,3,3,1,3,3,4,1,1,5,5,5,5,1
"67e567d4265ecb014e6b298b",3,4,4,3,5,3,"25","Master's degree","Male",NA,"No","Black or African American",NA,"Liberal","Good topic of research, kindly keep informing others.","67e567d4265ecb014e6b298b","80","28","95","54","15","63","71","Pro","none","fakeFirst","Pro",1,5,2,3,4,3,4,3,3,2,3,5,2,3,4,5,2,2,3
"677afb901c6dd9780bdcca85",5,3,4,4,4,1,"48","Bachelor's degree in college (4-year)","Female",NA,"No","White",NA,"Conservative",NA,"677afb901c6dd9780bdcca85","100","100","76","50","31","10","185","Pro","label","fakeFirst","Anti",-1,5,3,4,3,4,4,2,2,3,3,5,2,2,4,4,4,3,3
"66d69d42515fac1f2273d10e",4,3,4,3,4,1,"37","Master's degree","Female",NA,"No","White",NA,"Moderate, Middle of Road","Have a great weekend!","66d69d42515fac1f2273d10e","65","61","66","-74","-75","-68","409","Pro","none","realFirst","Pro",1,3,2,3,2,2,4,2,4,2,2,4,1,2,4,4,1,2,4
"6372d1f14a6bd3713c1c0acf",4,2,3,3,3,3,"67","Bachelor's degree in college (4-year)","Female",NA,"No","White",NA,"Moderate, Middle of Road",NA,"6372d1f14a6bd3713c1c0acf","64","-59","33","41","45","48","-96","Anti","label","realFirst","Pro",-1,4,2,4,1,1,4,1,3,1,1,2,2,1,3,3,4,4,1
"67ad0cc9f3a3feb73e22852d",4,4,4,5,3,1,"21","High school graduate (high school diploma or equivalent including GED)","Female",NA,"No","White",NA,"Extremely Liberal",NA,"67ad0cc9f3a3feb73e22852d","90","100","70","70","65","-41","166","Pro","none","realFirst","Pro",1,5,3,5,1,2,5,2,5,1,4,4,1,1,5,5,1,1,5
"65cb708afe5755feaeec417f",5,1,4,1,1,1,"21","High school graduate (high school diploma or equivalent including GED)","Female",NA,"No","Asian",NA,"Liberal",NA,"65cb708afe5755feaeec417f","28","28","28","-17","-14","-11","126","Pro","none","realFirst","Pro",1,2,1,2,3,1,4,1,3,1,2,4,3,3,1,4,1,1,4
"65cce024500351e8c8f7ff26",3,1,3,2,2,1,"41","Bachelor's degree in college (4-year)","Female",NA,"No","Asian",NA,"Liberal","everything was clear and went well","65cce024500351e8c8f7ff26","42","67","27","-17","-41","-15","209","Pro","none","fakeFirst","Pro",1,3,1,2,2,2,3,1,3,2,1,2,2,2,3,2,2,2,3
"66d5d10f4defd1d7b2cdd5c5",1,1,1,3,2,1,"38","Some college but no degree","Female",NA,"No","White,American Indian or Alaska Native",NA,"Slightly Conservative","That professor seemed uncanny, maybe AI even.","66d5d10f4defd1d7b2cdd5c5","52","78","22","5","8","27","112","Pro","none","fakeFirst","Anti",-1,4,1,2,1,2,4,1,3,1,2,4,2,2,4,3,2,2,4
"67e6b4c78b8b457f3bc6a866",5,4,4,4,3,2,"41","Bachelor's degree in college (4-year)","Male",NA,"No","White",NA,"Liberal",NA,"67e6b4c78b8b457f3bc6a866","2","-46","-19","22","-2","20","-103","Anti","none","fakeFirst","Anti",1,4,3,5,2,3,4,3,4,1,3,4,3,2,3,4,2,3,4
"65aa82ecfb575828d65c8ef2",5,5,5,3,5,1,"53","Bachelor's degree in college (4-year)","Male",NA,"No","Black or African American",NA,"Extremely Conservative",NA,"65aa82ecfb575828d65c8ef2","80","-83","100","2","100","84","-89","Anti","label","fakeFirst","Pro",-1,5,2,5,1,4,4,3,4,2,4,5,1,1,5,3,5,4,3
"66293dd4c51422edb482d223",2,1,4,1,1,1,"48","Master's degree","Female",NA,"No","White",NA,"Slightly Liberal",NA,"66293dd4c51422edb482d223","46","50","51","28","4","15","100","Pro","none","fakeFirst","Pro",1,4,1,3,1,3,4,1,3,1,3,2,2,3,3,3,2,2,3
"67ca3feda2aa6850d6c14914",5,5,5,5,5,1,"33","Master's degree","Male",NA,"No","Black or African American",NA,"Extremely Conservative","it was amazing.","67ca3feda2aa6850d6c14914","100","-100","100","-100","-100","-100","400","Pro","none","realFirst","Pro",1,5,5,5,1,5,5,5,5,1,5,5,1,1,5,5,1,1,5
"63d1e114550c261e5d78a941",4,1,5,3,1,1,"29","Master's degree","Female",NA,"No","Asian",NA,"Liberal","Although the deepfake video was made using AI, I decided to share it because I agree with the points about why AI needs to be regulated. I do not agree that AI should not be regulated.","63d1e114550c261e5d78a941","100","100","100","25","-80","15","340","Pro","label","realFirst","Pro",1,2,1,3,2,1,2,1,1,2,1,4,2,1,4,4,3,2,2
"67f198d5b1e7a66ac37437bc",2,3,3,3,3,3,"52","Doctoral degree","Female",NA,"No","Black or African American",NA,"Moderate, Middle of Road",NA,"67f198d5b1e7a66ac37437bc","100","100","80","-23","40","-41","304","Pro","label","realFirst","Anti",-1,5,5,5,5,5,5,5,5,5,5,4,1,3,4,4,3,3,5
"67da5a3a9869d463a1388f4f",4,4,4,2,4,1,"39","Bachelor's degree in college (4-year)","Female",NA,"No","White",NA,"Moderate, Middle of Road",NA,"67da5a3a9869d463a1388f4f","100","100","100","4","30","51","215","Pro","label","realFirst","Anti",-1,4,4,4,1,4,1,2,1,4,3,4,3,3,4,5,5,5,1
"67f1c6c5ff28bfb858b0c4d6",1,1,1,1,1,1,"57","Master's degree","Female",NA,"No","White",NA,"Extremely Conservative","Study was smooth","67f1c6c5ff28bfb858b0c4d6","100","63","53","-24","30","65","145","Pro","label","realFirst","Pro",1,5,5,5,2,5,2,2,2,5,2,5,2,2,4,3,5,5,1
"602b4083b123902838efd51f",3,1,3,1,1,1,"48","Bachelor's degree in college (4-year)","Male",NA,"No","White",NA,"Liberal",NA,"602b4083b123902838efd51f","57","71","73","0","-20","-7","228","Pro","none","fakeFirst","Pro",1,3,1,2,1,2,3,3,4,1,2,3,2,1,2,3,1,1,3
"67e1af4bc9ddc2b3777f5617",5,4,4,5,4,1,"40","Master's degree","Female",NA,"No","Black or African American",NA,"Conservative",NA,"67e1af4bc9ddc2b3777f5617","100","58","74","-16","56","-4","196","Pro","label","fakeFirst","Anti",-1,3,3,4,4,3,3,4,4,4,3,3,1,3,4,4,1,4,4
"677183c853e7b47e84f81a11",2,2,2,3,1,2,"46","Master's degree","Male",NA,"No","Asian",NA,"Slightly Liberal",NA,"677183c853e7b47e84f81a11","75","70","-30","30","40","0","45","Pro","label","realFirst","Pro",1,3,1,2,2,3,2,5,1,2,4,3,2,4,3,3,4,5,2
"62cbc0719ae72eb80a44ae10",5,4,4,2,4,1,"41","Some college but no degree","Male",NA,"No","White",NA,"Moderate, Middle of Road",NA,"62cbc0719ae72eb80a44ae10","60","45","20","-10","5","-30","160","Pro","none","realFirst","Anti",-1,3,1,3,2,2,2,3,1,3,2,3,1,1,4,2,3,5,1
"67d184729aa937ccec298d54",5,5,5,5,2,1,"24","Bachelor's degree in college (4-year)","Female",NA,"No","Black or African American",NA,"Conservative","No comment","67d184729aa937ccec298d54","100","60","24","28","59","63","34","Pro","none","realFirst","Pro",1,4,1,4,1,4,4,1,4,1,4,5,1,1,5,5,1,1,5
"67a93c74145aa94817370473",5,5,4,4,4,5,"76","Bachelor's degree in college (4-year)","Male",NA,"No","White",NA,"Extremely Conservative",NA,"67a93c74145aa94817370473","43","40","46","13","59","35","22","Pro","none","realFirst","Pro",1,4,4,5,3,4,4,4,3,4,4,4,4,4,4,4,3,4,4
"633d785ff76adb41addde965",3,4,3,3,4,4,"41","Master's degree","Male",NA,"No","White",NA,"Moderate, Middle of Road",NA,"633d785ff76adb41addde965","46","45","39","15","23","16","76","Pro","none","fakeFirst","Pro",1,4,1,4,1,1,4,1,5,1,1,4,1,1,5,4,1,1,4
"6579ba0f61518265afc2d2e3",4,2,4,4,3,2,"25","Master's degree","Male",NA,"No","Black or African American",NA,"Extremely Conservative",NA,"6579ba0f61518265afc2d2e3","100","100","100","-100","-100","-100","600","Pro","label","fakeFirst","Anti",-1,5,5,5,1,3,5,1,1,5,4,5,1,1,5,5,5,5,1
"56b0ac5fe8b677000cdc0a34",1,1,3,1,2,1,"47","Associate degree in college (2-year)","Female",NA,"No","White",NA,"Extremely Conservative",NA,"56b0ac5fe8b677000cdc0a34","21","50","76","-100","13","-100","334","Pro","label","realFirst","Anti",-1,1,1,1,3,1,1,1,1,3,2,2,2,3,1,3,1,4,1
"67a680667459118472b7c457",4,2,3,5,3,4,"28","Master's degree","Female",NA,"No","White",NA,"Moderate, Middle of Road",NA,"67a680667459118472b7c457","15","-14","23","-11","23","-9","21","Pro","label","realFirst","Pro",1,3,4,3,5,4,3,4,4,3,5,3,2,3,3,4,3,4,3
"67d95b52be97905a048845c7",4,4,4,4,5,1,"55","Bachelor's degree in college (4-year)","Male",NA,"No","White",NA,"Conservative","no comments","67d95b52be97905a048845c7","100","70","70","41","49","-19","169","Pro","label","realFirst","Anti",-1,4,4,4,1,4,2,2,2,4,2,4,2,1,4,4,1,1,4
"677f45994f666dd870c5a5b7",4,1,5,3,1,1,"27","Bachelor's degree in college (4-year)","Male",NA,"No","White",NA,"Moderate, Middle of Road",NA,"677f45994f666dd870c5a5b7","56","84","26","32","-39","13","160","Pro","none","fakeFirst","Pro",1,2,1,1,3,3,4,1,3,1,1,4,3,3,1,4,1,1,4
"67d87b116155127ce4c2e94e",4,2,4,3,4,4,"39","Bachelor's degree in college (4-year)","Female",NA,"No","Asian",NA,"Liberal",NA,"67d87b116155127ce4c2e94e","99","96","99","2","-38","-100","430","Pro","none","fakeFirst","Pro",1,3,3,4,3,4,5,4,5,1,5,3,3,5,2,5,1,2,5
"6400e07f37c248e81cbc9d41",2,1,2,1,1,1,"43","Bachelor's degree in college (4-year)","Female",NA,"No","White",NA,"Slightly Liberal",NA,"6400e07f37c248e81cbc9d41","80","80","80","30","-80","0","290","Pro","none","realFirst","Pro",1,2,1,2,2,2,1,1,1,3,2,2,3,4,1,2,3,5,1
"67b65e8955c392f2e7f38cae",4,4,4,1,4,4,"31","Master's degree","Male",NA,"No","White",NA,"Moderate, Middle of Road",NA,"67b65e8955c392f2e7f38cae","60","71","79","84","40","70","16","Pro","label","realFirst","Pro",1,5,1,5,1,3,5,1,5,1,3,4,1,1,5,5,1,1,5
"670e5e609d33ddb280fab011",2,1,2,2,1,1,"39","Some college but no degree","Male",NA,"No","White",NA,"Conservative",NA,"670e5e609d33ddb280fab011","56","89","79","35","-74","-82","345","Pro","none","fakeFirst","Pro",1,2,1,2,1,1,4,1,2,1,1,3,2,3,2,3,2,2,4
"67e01062390c170e180f7d74",5,4,4,4,5,1,"29","Bachelor's degree in college (4-year)","Male",NA,"No","Black or African American",NA,"Moderate, Middle of Road",NA,"67e01062390c170e180f7d74","68","71","55","-5","43","45","111","Pro","label","realFirst","Anti",-1,4,3,4,2,4,3,3,3,3,3,4,2,3,4,3,4,4,2
"67f063dcf7feb02a82d82f2f",4,3,4,3,4,3,"41","Master's degree","Female",NA,"No","White",NA,"Extremely Liberal",NA,"67f063dcf7feb02a82d82f2f","100","100","80","-50","40","-38","328","Pro","none","realFirst","Pro",1,4,2,5,2,3,4,2,4,2,3,3,2,4,3,4,1,1,4
"67db09c719a34f37f3f38e0a",4,2,2,4,3,1,"67","Master's degree","Male",NA,"No","Black or African American",NA,"Conservative",NA,"67db09c719a34f37f3f38e0a","51","36","50","31","58","35","13","Pro","none","realFirst","Anti",-1,4,3,4,3,4,4,3,2,3,4,4,3,4,3,4,3,4,3
"67e08dc56e1d123778992caa",3,3,4,4,3,3,"25","Associate degree in college (2-year)","Male",NA,"No","Black or African American",NA,"Slightly Conservative",NA,"67e08dc56e1d123778992caa","47","38","30","20","24","-21","92","Pro","none","realFirst","Anti",-1,5,4,4,1,3,3,4,3,1,3,5,4,4,3,4,3,4,3
"67ddf84df4607179bf8f6b22",5,4,4,1,5,1,"29","Bachelor's degree in college (4-year)","Male",NA,"No","White",NA,"Extremely Conservative",NA,"67ddf84df4607179bf8f6b22","13","80","81","78","81","4","11","Pro","label","fakeFirst","Anti",-1,5,4,4,3,4,5,4,5,1,4,4,5,5,4,4,4,4,1
"67e50267a66de9d133e49b7e",4,4,4,4,4,3,"32","Bachelor's degree in college (4-year)","Male",NA,"No","White",NA,"Moderate, Middle of Road",NA,"67e50267a66de9d133e49b7e","70","36","44","36","16","81","17","Pro","label","fakeFirst","Anti",-1,4,4,4,1,4,4,4,4,3,4,4,4,2,4,4,3,1,4
"67cfaa18ad2b735d5b393651",3,3,3,4,4,3,"36","Master's degree","Male",NA,"No","Black or African American",NA,"Extremely Conservative",NA,"67cfaa18ad2b735d5b393651","95","100","25","31","49","-69","209","Pro","label","fakeFirst","Anti",-1,4,4,4,3,3,4,4,4,3,3,4,4,4,4,4,4,4,4
"67e2e81efcb60829d2e44d64",5,5,5,5,5,5,"25","Bachelor's degree in college (4-year)","Female",NA,"No","Black or African American",NA,"Extremely Conservative",NA,"67e2e81efcb60829d2e44d64","100","98","42","24","94","49","73","Pro","label","fakeFirst","Pro",1,1,1,1,1,1,5,3,5,5,5,5,5,5,1,5,1,1,5
"6734e8710e856ce0fde29d79",4,4,4,4,4,4,"40","Master's degree","Male",NA,"No","White",NA,"Conservative",NA,"6734e8710e856ce0fde29d79","82","76","66","51","66","-45","152","Pro","label","fakeFirst","Pro",1,4,4,4,4,4,4,4,4,4,4,4,4,4,4,4,1,1,4
"680d72d437427b266e36d491",4,3,5,2,4,1,"27","Master's degree","Female",NA,"Yes","White",NA,"Conservative",NA,"680d72d437427b266e36d491","71","90","49","67","49","53","41","Pro","none","realFirst","Pro",1,4,3,4,3,3,4,5,5,4,4,4,2,3,4,4,2,3,5
"671e5804035494e1d10359ca",2,3,2,2,2,4,"38","Bachelor's degree in college (4-year)","Female",NA,"No","White",NA,"Conservative",NA,"671e5804035494e1d10359ca","25","-14","-10","15","26","6","-46","Anti","none","fakeFirst","Anti",1,4,3,4,4,4,4,2,3,3,3,2,2,2,2,2,2,3,2
"67d7a59a213b1b67977b6b99",4,4,4,4,4,4,"44","Master's degree","Male",NA,"No","White",NA,"Conservative",NA,"67d7a59a213b1b67977b6b99","36","36","34","46","47","46","-33","Anti","none","realFirst","Pro",-1,4,4,4,4,4,4,4,4,4,4,4,2,2,4,4,4,4,4
"67f256487da1a8dd29b01cce",4,4,5,5,4,3,"32","Master's degree","Male",NA,"No","White",NA,"Extremely Conservative",NA,"67f256487da1a8dd29b01cce","91","-11","73","86","35","-20","52","Pro","label","fakeFirst","Anti",-1,5,4,3,4,4,5,4,5,5,4,2,2,2,5,5,2,2,4
"674aece21c30f3451c9211c0",4,5,3,4,3,3,"28","Bachelor's degree in college (4-year)","Male",NA,"No","White",NA,"Conservative",NA,"674aece21c30f3451c9211c0","59","50","29","46","64","34","-6","Anti","label","fakeFirst","Pro",-1,4,3,4,3,4,4,3,3,4,3,4,3,4,3,4,4,4,3
"67e0577f4be659ef3f567d1d",4,3,4,4,3,4,"36","Master's degree","Female",NA,"No","White",NA,"Extremely Liberal",NA,"67e0577f4be659ef3f567d1d","0","9","30","-16","6","-8","57","Pro","none","realFirst","Pro",1,5,4,5,4,4,3,2,3,3,3,4,1,2,3,4,2,1,3
"67ddf21161e98872239f705a",5,5,5,4,5,1,"47","Bachelor's degree in college (4-year)","Male",NA,"No","White",NA,"Extremely Conservative",NA,"67ddf21161e98872239f705a","96","96","99","100","100","100","-9","Anti","label","realFirst","Pro",-1,5,2,4,1,3,2,2,3,1,3,5,1,1,5,4,2,3,2
"627e807715abf2361938fd68",3,3,3,1,2,1,"32","High school graduate (high school diploma or equivalent including GED)","Female",NA,"No","White",NA,"Slightly Liberal",NA,"627e807715abf2361938fd68","25","5","30","0","-10","0","70","Pro","new","fakeFirst","Anti",-1,3,2,2,1,3,1,1,1,2,1,4,1,1,4,3,2,3,1
"67f05ce092cdcc0392692398",5,5,5,4,5,5,"55","Bachelor's degree in college (4-year)","Male",NA,"No","White",NA,"Conservative",NA,"67f05ce092cdcc0392692398","100","100","72","-100","-100","-100","572","Pro","new","realFirst","Pro",1,4,4,4,4,4,5,5,5,5,5,3,2,2,2,5,1,1,5
"63bc6b49a80cc5496df4c897",3,3,4,3,4,2,"43","Bachelor's degree in college (4-year)","Male",NA,"No","White",NA,"Moderate, Middle of Road",NA,"63bc6b49a80cc5496df4c897","100","100","-50","75","90","100","-115","Anti","new","fakeFirst","Pro",-1,3,1,3,1,3,3,3,2,3,1,3,2,2,5,3,4,4,3
"680c191410aae929e1393e85",4,4,5,3,5,1,"72","Doctoral degree","Male",NA,"No","White",NA,"Conservative",NA,"680c191410aae929e1393e85","100","100","70","80","40","90","60","Pro","new","realFirst","Anti",-1,5,3,5,1,4,3,2,1,4,3,5,2,1,5,2,4,4,2
"674f68d7c879f8897ecb8665",4,1,4,1,4,1,"58","Bachelor's degree in college (4-year)","Female",NA,"No","White",NA,"Slightly Conservative","No comments - thanks.","674f68d7c879f8897ecb8665","20","10","-20","30","60","40","-120","Anti","new","fakeFirst","Anti",1,2,1,3,1,1,3,1,2,1,1,2,1,2,3,3,2,3,2
"675088c65bc8f118eaac066a",2,1,4,4,1,1,"32","High school graduate (high school diploma or equivalent including GED)","Male",NA,"Yes","Black or African American",NA,"Extremely Conservative",NA,"675088c65bc8f118eaac066a","-100","-50","-100","100","100","100","-550","Anti","new","fakeFirst","Pro",-1,4,1,4,3,4,3,1,4,2,5,4,4,4,3,4,1,2,4
"60430fc782b5752a7ae8d797",3,3,4,1,4,1,"43","Master's degree","Female",NA,"No","White,Asian",NA,"Extremely Liberal",NA,"60430fc782b5752a7ae8d797","80","56","59","-28","2","2","219","Pro","new","realFirst","Anti",-1,5,2,5,1,1,3,1,1,3,1,4,1,1,4,4,3,4,1
"6685abbd83e060274844e7f2",3,3,3,3,3,1,"20","Associate degree in college (2-year)","Male",NA,"No","Black or African American",NA,"Conservative",NA,"6685abbd83e060274844e7f2","79","56","66","1","-39","-34","273","Pro","new","realFirst","Anti",-1,4,4,4,2,3,4,4,3,2,2,5,3,3,3,4,3,3,2
"67896face1c2b598c95a41ca",4,3,4,5,4,5,"37","Master's degree","Male",NA,"No","Black or African American",NA,"Extremely Conservative",NA,"67896face1c2b598c95a41ca","76","36","-66","60","38","76","-128","Anti","new","fakeFirst","Pro",-1,4,2,3,2,4,5,3,4,2,2,2,4,4,3,5,2,2,4
"67f03b4bd3d0af0d1419fb30",5,5,5,5,5,1,"55","Bachelor's degree in college (4-year)","Female",NA,"No","White",NA,"Conservative",NA,"67f03b4bd3d0af0d1419fb30","56","63","61","64","65","-73","124","Pro","new","fakeFirst","Anti",-1,4,4,4,1,3,4,4,4,1,3,4,1,1,4,4,1,1,5
"67d8766b5a2500a0b13597d9",5,5,5,5,5,2,"33","Doctoral degree","Female",NA,"No","White",NA,"Slightly Liberal","The survey was interesting.","67d8766b5a2500a0b13597d9","100","100","100","100","44","37","119","Pro","new","fakeFirst","Anti",-1,5,5,5,2,5,2,2,2,2,2,5,2,2,5,4,4,4,4
"5a127fc7c259f30001766641",4,2,4,1,4,2,"44","Bachelor's degree in college (4-year)","Male",NA,"Yes","White",NA,"Slightly Liberal",NA,"5a127fc7c259f30001766641","62","54","58","-28","0","-28","230","Pro","new","realFirst","Pro",1,3,1,2,2,2,4,1,4,1,2,2,3,3,2,3,2,2,3
"66293a3bac9b03d00e8a57e0",4,3,4,5,2,1,"42","Master's degree","Female",NA,"No","White",NA,"Slightly Liberal","I would choose the Deepfake video because it's an argument I agree with and the fact that it's AI generated proves the point that AI should not be regulated since videos like this would not be made. I just think that it's unconventional, which I like.","66293a3bac9b03d00e8a57e0","-15","-25","-50","50","75","75","-290","Anti","new","realFirst","Anti",1,2,1,3,1,1,3,4,1,3,5,3,1,1,4,3,4,4,1
"67f03733938aa3f0d17ce8a8",5,5,5,4,5,1,"38","Bachelor's degree in college (4-year)","Male",NA,"No","Black or African American",NA,"Extremely Conservative",NA,"67f03733938aa3f0d17ce8a8","75","80","-70","79","-78","77","7","Pro","new","realFirst","Pro",1,4,5,5,1,4,5,4,5,3,5,5,2,3,5,5,3,4,5
"67f1f797973bd7f41512caa2",5,5,5,1,5,1,"51","Doctoral degree","Female",NA,"No","White",NA,"Extremely Conservative",NA,"67f1f797973bd7f41512caa2","100","100","1","100","100","100","-99","Anti","new","realFirst","Pro",-1,5,5,5,5,5,5,5,5,5,5,5,1,1,5,5,5,5,5
"5c395df5f5ebd50001850900",1,1,1,1,3,1,"29","Bachelor's degree in college (4-year)","Male",NA,"No","Asian",NA,"Extremely Liberal",NA,"5c395df5f5ebd50001850900","100","29","69","-100","-100","-100","498","Pro","new","fakeFirst","Anti",-1,1,1,1,3,3,1,1,1,4,2,5,4,2,3,5,5,5,1
"67ef1506e3d0c55ce0a19e93",5,5,4,5,4,1,"41","Doctoral degree","Other (please specify):","Non-binary","No","Black or African American",NA,"Conservative","The survey was interesting and lively.","67ef1506e3d0c55ce0a19e93","75","60","40","-30","-50","-20","275","Pro","new","fakeFirst","Anti",-1,5,1,4,1,4,5,1,3,1,3,4,3,3,4,4,4,3,4
"67e7f0ea531ffb8fecc5d3a3",4,3,3,2,4,2,"40","Bachelor's degree in college (4-year)","Female",NA,"No","White",NA,"Conservative",NA,"67e7f0ea531ffb8fecc5d3a3","82","74","36","0","12","-34","214","Pro","new","fakeFirst","Anti",-1,4,3,4,2,3,2,3,1,2,2,4,2,2,4,3,2,4,3
"678f4bd2de1c79ae859fe51d",3,2,2,2,2,2,"61","Some college but no degree","Female",NA,"No","White",NA,"Conservative",NA,"678f4bd2de1c79ae859fe51d","60","50","65","-55","-57","-62","349","Pro","new","realFirst","Pro",1,2,1,3,2,3,3,1,3,2,2,2,3,3,3,2,2,2,3
"66f1d91023fba71b019911a3",5,5,5,2,5,1,"41","Bachelor's degree in college (4-year)","Female",NA,"No","White",NA,"Extremely Conservative",NA,"66f1d91023fba71b019911a3","100","100","100","0","30","-30","300","Pro","new","fakeFirst","Anti",-1,5,5,5,1,5,5,4,5,1,5,5,2,1,5,5,1,2,5
"669adc38310a28305150272a",5,2,1,2,1,1,"49","Bachelor's degree in college (4-year)","Female",NA,"No","Asian",NA,"Liberal","I always thought deepfake information tended to be harmful, but I still stand my the video I chose because it aligned closely to how I felt.","669adc38310a28305150272a","75","73","62","-52","-67","-66","395","Pro","new","fakeFirst","Pro",1,5,1,4,1,1,5,1,3,1,1,4,2,4,3,4,2,1,2
"665e2d0a6eba582f0b13ce9b",3,4,3,1,1,1,"41","Associate degree in college (2-year)","Female",NA,"No","Black or African American",NA,"Moderate, Middle of Road",NA,"665e2d0a6eba582f0b13ce9b","67","84","77","2","2","2","222","Pro","new","fakeFirst","Pro",1,1,1,1,2,1,2,1,2,1,1,3,3,3,2,4,1,1,3
"5e51c83155087a204d8e7f1f",1,1,4,1,1,1,"78","Bachelor's degree in college (4-year)","Female",NA,"No","White",NA,"Extremely Conservative","best with all your good work.","5e51c83155087a204d8e7f1f","50","50","50","-25","-25","-25","225","Pro","new","fakeFirst","Anti",-1,3,1,3,1,1,3,1,3,1,1,4,1,1,4,4,4,4,1
"68164650dd74ce8c307b9e7a",3,3,4,3,4,3,"27","Doctoral degree","Male",NA,"No","White",NA,"Extremely Conservative",NA,"68164650dd74ce8c307b9e7a","100","-35","-57","25","30","21","-68","Anti","new","realFirst","Pro",-1,4,3,4,3,4,4,5,5,4,5,4,2,2,3,5,1,2,4
"66b3baa4900bec0442ea4647",4,1,3,1,1,1,"28","High school graduate (high school diploma or equivalent including GED)","Female",NA,"No","White",NA,"Extremely Liberal","There were no issues with this survey.","66b3baa4900bec0442ea4647","50","55","55","20","1","0","139","Pro","new","fakeFirst","Pro",1,4,1,3,2,3,3,1,3,2,1,3,3,2,2,3,5,3,2
"67df27dcf59178048927e1e0",4,4,4,4,5,1,"42","Master's degree","Male",NA,"No","White",NA,"Moderate, Middle of Road",NA,"67df27dcf59178048927e1e0","87","75","60","40","35","20","127","Pro","new","fakeFirst","Anti",-1,5,3,5,5,5,5,3,5,5,5,5,1,1,4,4,1,1,4
"6091ab55ea2e97910519f8e7",5,1,5,1,1,1,"30","Bachelor's degree in college (4-year)","Female",NA,"Yes","Black or African American",NA,"Extremely Liberal",NA,"6091ab55ea2e97910519f8e7","93","-91","92","-94","-91","-95","374","Pro","new","realFirst","Pro",1,3,3,2,2,2,1,1,1,1,1,4,4,1,1,3,3,4,1
"62740cf8e39eba1055ef571b",1,3,1,2,4,1,"52","Bachelor's degree in college (4-year)","Female",NA,"No","Asian",NA,"Moderate, Middle of Road",NA,"62740cf8e39eba1055ef571b","100","100","100","-70","0","-80","450","Pro","new","realFirst","Anti",-1,3,1,2,2,3,3,1,1,5,3,3,3,4,2,3,3,4,1
"68012db2e4575bade899b035",4,2,3,4,3,1,"75","Master's degree","Male",NA,"No","White",NA,"Moderate, Middle of Road",NA,"68012db2e4575bade899b035","59","47","62","13","24","38","93","Pro","new","fakeFirst","Anti",-1,3,5,4,3,4,3,4,4,3,4,4,3,2,5,3,2,3,4
"680e8f6fce771a4dd90d37ca",3,2,3,2,3,2,"53","Professional degree (JD, MD)","Other (please specify):","Non-binary","No","White",NA,"Liberal","N/A","680e8f6fce771a4dd90d37ca","80","70","50","30","40","20","110","Pro","new","realFirst","Anti",-1,3,1,4,2,2,4,1,3,2,4,4,2,3,4,4,5,4,1
"66ff958df361e88e3ab68386",4,5,4,3,4,1,"58","Bachelor's degree in college (4-year)","Male",NA,"No","White",NA,"Extremely Conservative",NA,"66ff958df361e88e3ab68386","100","94","73","0","100","-100","267","Pro","new","realFirst","Pro",1,4,1,4,1,4,4,1,5,1,4,4,2,2,4,5,1,1,3
"671ce5558222aace56b75444",1,1,1,1,1,1,"49","Associate degree in college (2-year)","Female",NA,"No","White",NA,"Liberal",NA,"671ce5558222aace56b75444","100","100","2","-80","-100","-100","482","Pro","new","realFirst","Anti",-1,2,1,2,4,1,2,1,1,1,1,2,1,1,3,3,3,2,1
"673f6225099e447a7aebf4e4",3,2,4,1,4,1,"38","Some college but no degree","Female",NA,"No","White",NA,"Liberal",NA,"673f6225099e447a7aebf4e4","29","23","-23","13","15","19","-18","Anti","new","realFirst","Pro",-1,2,1,3,1,1,1,1,1,5,2,3,1,2,4,2,4,4,1
"67e6c9d4b5737cad7d022bab",5,3,5,2,1,1,"51","Bachelor's degree in college (4-year)","Female",NA,"No","Black or African American",NA,"Extremely Liberal","The first video argue about ""excessive"" regulation. Nothing excessive is EVER good. I am asking for strong regulations of AI use.","67e6c9d4b5737cad7d022bab","100","100","100","-86","80","-92","398","Pro","new","realFirst","Pro",1,2,1,2,5,3,5,1,4,1,4,2,5,5,1,5,1,1,4
"67b6b4e18512a16d10d8df5f",3,4,4,4,4,2,"57","Master's degree","Female",NA,"No","White",NA,"Conservative",NA,"67b6b4e18512a16d10d8df5f","87","81","77","75","12","33","125","Pro","new","fakeFirst","Pro",1,2,2,2,1,2,3,3,3,2,3,4,3,3,2,4,2,3,4
"5d7fb79ff44487001807463e",2,1,2,1,1,1,"29","Some college but no degree","Male",NA,"No","White",NA,"Extremely Liberal","Both videos are terrible, I wouldn't send either on their own. But sending them together would be great, proving the anti-AI point.","5d7fb79ff44487001807463e","100","100","80","-100","-100","-100","580","Pro","new","fakeFirst","Pro",1,1,1,1,3,3,3,5,2,2,1,3,4,4,1,2,3,3,1
"6679e88eb948e8a4b08a39fb",1,1,1,2,1,1,"30","Master's degree","Male",NA,"No","Black or African American",NA,"Liberal",NA,"6679e88eb948e8a4b08a39fb","100","91","7","-66","-12","-35","311","Pro","new","fakeFirst","Anti",-1,1,1,2,1,1,2,1,1,3,1,2,2,1,1,4,5,2,1
"67ffb2910de210bfa1a94048",4,4,4,3,4,1,"59","Master's degree","Male",NA,"No","Black or African American",NA,"Conservative",NA,"67ffb2910de210bfa1a94048","100","100","98","100","-77","-89","364","Pro","new","realFirst","Pro",1,2,1,3,2,4,1,1,1,2,2,5,4,4,4,5,5,5,1
"67f2ada266845680db269e78",4,3,5,4,4,1,"23","Bachelor's degree in college (4-year)","Male",NA,"No","White",NA,"Conservative",NA,"67f2ada266845680db269e78","50","-46","-74","89","99","91","-349","Anti","new","fakeFirst","Pro",-1,4,3,5,1,4,2,2,1,4,2,4,1,1,5,4,4,4,1
"67d458631b3c5c8faf01aa86",5,5,5,1,5,1,"40","Master's degree","Female",NA,"No","Black or African American",NA,"Conservative",NA,"67d458631b3c5c8faf01aa86","86","85","56","-35","-30","-10","302","Pro","new","realFirst","Pro",1,5,4,5,1,4,5,3,5,1,4,3,3,3,5,5,2,3,5
"67803ce6d6b59b8d65913229",4,4,4,4,4,1,"45","Master's degree","Male",NA,"No","White",NA,"Slightly Conservative",NA,"67803ce6d6b59b8d65913229","89","91","79","-78","-47","-42","426","Pro","new","fakeFirst","Pro",1,5,3,5,1,4,5,3,5,4,4,4,1,1,5,5,1,1,5
"67e6d5f9bbdbca5a13db27ed",3,3,2,5,4,2,"42","Master's degree","Female",NA,"No","Asian",NA,"Extremely Liberal",NA,"67e6d5f9bbdbca5a13db27ed","99","14","2","-24","95","79","-35","Anti","new","realFirst","Anti",1,3,2,3,1,3,3,2,4,1,2,4,2,3,3,4,4,3,3
"67e727e0e5b6fb17d760f39f",4,2,4,4,4,1,"36","Master's degree","Female",NA,"No","Black or African American",NA,"Extremely Conservative","The study was good and engaging, letting me to express my stand against AI regulation.  I'm thankful for taking part in this study.","67e727e0e5b6fb17d760f39f","58","43","58","-37","-17","-14","227","Pro","new","realFirst","Anti",-1,3,3,2,2,4,3,2,2,3,4,4,2,2,4,4,2,2,4
"67ea403939a55d29ba40a648",3,3,3,3,3,2,"30","Some college but no degree","Male",NA,"No","White",NA,"Extremely Liberal",NA,"67ea403939a55d29ba40a648","50","50","50","50","30","30","40","Pro","new","realFirst","Anti",-1,4,1,4,1,4,5,1,4,1,1,5,3,3,4,5,3,3,3
"67ead81567b76f7b14eda8e4",4,5,5,5,5,1,"54","Bachelor's degree in college (4-year)","Male",NA,"No","White",NA,"Extremely Conservative",NA,"67ead81567b76f7b14eda8e4","100","100","-40","2","100","59","-1","Anti","new","realFirst","Pro",-1,5,2,1,2,1,4,1,4,1,4,5,1,1,4,4,2,2,4
"67a917e1bf728e35b7493a9d",2,2,2,2,2,2,"33","Bachelor's degree in college (4-year)","Male",NA,"No","White",NA,"Conservative",NA,"67a917e1bf728e35b7493a9d","59","73","74","75","83","80","-32","Anti","new","fakeFirst","Pro",-1,4,4,2,3,3,4,4,3,2,2,4,3,3,3,4,3,3,3
"67cdd01182952d5b5915999d",4,4,3,4,2,1,"72","Bachelor's degree in college (4-year)","Female",NA,"No","White",NA,"Slightly Conservative",NA,"67cdd01182952d5b5915999d","100","60","100","-22","40","-33","275","Pro","new","fakeFirst","Pro",1,5,1,4,2,1,4,2,5,1,3,5,2,2,3,4,4,4,4
"67ece80349d97aa43c0f3e09",4,3,2,4,2,1,"32","Master's degree","Male",NA,"No","White",NA,"Conservative",NA,"67ece80349d97aa43c0f3e09","-30","20","-60","70","90","60","-290","Anti","new","fakeFirst","Anti",1,4,1,4,1,2,3,1,1,4,3,4,1,2,5,4,4,4,2
